{"auc_2": [0.722804069519043, 0.7586707472801208, 0.765866756439209, 0.7717890739440918, 0.7721238732337952, 0.776730477809906, 0.7760964632034302, 0.7763313055038452, 0.7778891921043396, 0.7764225602149963, 0.7773322463035583, 0.7771081924438477, 0.775736391544342, 0.7763553857803345, 0.7767435908317566, 0.7765339612960815, 0.7760345935821533], "binary_accuracy": [0.6861869096755981, 0.7117846012115479, 0.7180632948875427, 0.7221685647964478, 0.724251389503479, 0.7262134552001953, 0.727149248123169, 0.7262436747550964, 0.7280849814414978, 0.7253984808921814, 0.724734365940094, 0.7276322245597839, 0.7252777218818665, 0.7285075783729553, 0.7282057404518127, 0.7272397875785828, 0.728356659412384], "loss": [0.5972333550453186, 0.5670498013496399, 0.5599021911621094, 0.554061770439148, 0.5529688000679016, 0.5491635203361511, 0.550147533416748, 0.5501447916030884, 0.548556923866272, 0.5495387315750122, 0.5487322807312012, 0.5486971735954285, 0.5500695705413818, 0.5490303635597229, 0.548463761806488, 0.5489093065261841, 0.5500169396400452], "precision_2": [0.6432748436927795, 0.6794835925102234, 0.6884726285934448, 0.6969754099845886, 0.7006989121437073, 0.7074718475341797, 0.7075850367546082, 0.7050551176071167, 0.7116742134094238, 0.7034541368484497, 0.7032589912414551, 0.7058712244033813, 0.7043893337249756, 0.709834635257721, 0.7104833126068115, 0.7071544528007507, 0.7086583971977234], "recall_2": [0.5013074278831482, 0.5426223278045654, 0.5519611239433289, 0.55263352394104, 0.5542771816253662, 0.5496451258659363, 0.5533806681632996, 0.5543518662452698, 0.5497198104858398, 0.5538288950920105, 0.551363468170166, 0.5586851239204407, 0.5515128970146179, 0.554874837398529, 0.5524094104766846, 0.55457603931427, 0.5564437508583069], "val_auc_2": [0.7780166864395142, 0.7870954275131226, 0.7908794283866882, 0.7931870222091675, 0.7934176921844482, 0.7929523587226868, 0.7930448651313782, 0.7929638028144836, 0.7931821346282959, 0.7931357026100159, 0.7931297421455383, 0.7931298017501831, 0.7931299805641174, 0.7931299805641174, 0.7931299805641174, 0.7931299805641174, 0.7931299805641174], "val_binary_accuracy": [0.7019021511077881, 0.7247282862663269, 0.731521725654602, 0.7350543737411499, 0.7353261113166809, 0.7358695864677429, 0.737228274345398, 0.738315224647522, 0.738043487071991, 0.738315224647522, 0.73777174949646, 0.73777174949646, 0.73777174949646, 0.73777174949646, 0.73777174949646, 0.73777174949646, 0.73777174949646], "val_loss": [0.5648528337478638, 0.5501956343650818, 0.5380609035491943, 0.5347312688827515, 0.5344703197479248, 0.5350235104560852, 0.5342321395874023, 0.534341037273407, 0.5342437028884888, 0.5342652797698975, 0.534270167350769, 0.5342727899551392, 0.5342723727226257, 0.5342725515365601, 0.5342724919319153, 0.5342725515365601, 0.5342724919319153], "val_precision_2": [0.6169958114624023, 0.7942999005317688, 0.7637130618095398, 0.7312894463539124, 0.7495145797729492, 0.7580000162124634, 0.7400921583175659, 0.7478753328323364, 0.74349445104599, 0.7450980544090271, 0.7446211576461792, 0.7450796365737915, 0.7450796365737915, 0.7450796365737915, 0.7450796365737915, 0.7450796365737915, 0.7450796365737915], "val_recall_2": [0.6928763389587402, 0.4307795763015747, 0.4865591526031494, 0.5450268983840942, 0.5188171863555908, 0.5094085931777954, 0.539650559425354, 0.5322580933570862, 0.5376344323158264, 0.5362903475761414, 0.5349462628364563, 0.5342742204666138, 0.5342742204666138, 0.5342742204666138, 0.5342742204666138, 0.5342742204666138, 0.5342742204666138], "learning_rate": [0.003000000026077032, 0.0021213204599916935, 0.0012247449485585093, 0.0006123724742792547, 0.0002738612820394337, 0.00011180339788552374, 4.2257714085280895e-05, 1.4940357687009964e-05, 4.980119229003321e-06, 1.5748519217595458e-06, 4.748357298467454e-07, 1.3707327184420137e-07, 3.801728709618146e-08, 1.0160547070370285e-08, 2.62344190815611e-09, 6.558604770390275e-10, 1.5906953532152102e-10]}